hdhr-cp-discover.json	354	6db167f7776be911
hdhr-cp-lineup-status.json	84	15fb43653d9450fa
hdhr-cp-lineup.json	632	429655921a29fa93
hdhr-cp-op1-discover.json	394	5e5a8908b5d3e2a9
hdhr-cp-op1-lineup-status.json	84	15fb43653d9450fa
hdhr-cp-op1-lineup.json	683	22beb530ad479ff3
hdhr-device.xml	513	5f8205f17a5e5a49
hdhr-discover.json	297	29b078336e485a34
hdhr-lineup-status.json	84	15fb43653d9450fa
hdhr-lineup.json	3181	2dc8ac2e6a6c9876
hdhr-missing-cp-lineup.json	2	09612b07b5ecb5a5
hdhr-op1-discover.json	340	5e180b87bccf98d9
hdhr-op1-lineup-status.json	84	15fb43653d9450fa
hdhr-op1-lineup.json	3436	c77902de501a43fe
hdhr-op99-lineup.json	3181	2dc8ac2e6a6c9876
output-epg-days-1.xml	18950	b4758925d84e0f9e
output-epg-gracenote.xml	34815	69767e2a1b28035c
output-epg-tvg-id.xml	35276	fd9daeecfe7ca022
output-epg.xml	34777	4b3ed1c1af79ffc0
output-m3u-direct.m3u	3882	9ce70856e2e2fe32
output-m3u-gracenote.m3u	4079	5827f6c4948cae7b
output-m3u-missing-profile.m3u	22	2e8314e9e8ff2b13
output-m3u-no-cached-logos.m3u	3903	ee5339eb2c183994
output-m3u-output-profile.m3u	4301	49cab9ac66297393
output-m3u-tvg-id.m3u	4119	ec9f3085ca03c687
output-m3u.m3u	4029	fa2f3f43eaf74f1b
xc-account-info.json	425	9f27ca93beb0d06b
xc-get-live-categories.json	361	89c2026a16750c76
xc-get-live-streams-cat3.json	2309	3181fda8a79c7450
xc-get-live-streams.json	6412	180223270adcc783
xc-get-php.m3u	3809	4eaab65754d02e90
xc-get-series-categories.json	2	09612b07b5ecb5a5
xc-get-series.json	2	09612b07b5ecb5a5
xc-get-short-epg-limit-2.json	833	217277c7859a2690
xc-get-short-epg.json	1591	234ab1a2411b7ed7
xc-get-simple-data-table-dummy.json	8765	b002306a0929b457
xc-get-simple-data-table.json	10985	f9cf660aa32de77e
xc-get-vod-categories.json	2	09612b07b5ecb5a5
xc-get-vod-streams.json	2	09612b07b5ecb5a5
xc-panel-api.json	8164	7fb1fb9cb79e5e27
xc-unauthorized.json	178	b15a7d1e357dc356
xc-xmltv.xml	34701	a089ed6abcafaa64
